hand,random,tight,loose,nit,calling_station,maniac,push_fold,equity
0,2000,2000,2000,2000,2000,2000,2000,2000
1,1990,1980,1860,2000,60,4110,2000,2000
2,1990,1970,1760,2000,40,4340,1900,2000
3,4030,1970,1750,1980,20,2350,1900,2000
4,3930,1970,1010,1970,90,3130,1900,2000
5,3930,1970,1010,1970,180,3040,1900,2000
6,3930,1970,2220,1970,80,2030,1800,2000
7,3930,4897,1293,1970,80,60,1790,1980
8,3910,4897,1623,1970,80,0,1600,1920
9,3610,5577,1623,1970,0,0,1300,1920
10,3610,5567,1633,1970,0,0,1300,1920
11,3530,5677,1623,1950,0,0,1300,1920
12,3510,5872,1478,1940,0,0,1280,1920
13,3510,5872,1478,1940,0,0,1260,1940
14,3490,5872,1508,1940,0,0,1260,1930
15,3430,5932,1508,1940,0,0,1260,1930
16,3460,5922,1488,1940,0,0,1260,1930
17,3440,6022,1428,1920,0,0,1260,1930
18,3490,6022,1408,1910,0,0,1240,1930
19,3190,6002,1388,1910,0,0,1230,2280
20,3170,6002,1718,1910,0,0,930,2270
21,3190,5982,1718,1910,0,0,930,2270
22,3220,5972,1698,1910,0,0,930,2270
23,3200,5972,1678,1950,0,0,930,2270
24,3230,5972,1678,1940,0,0,910,2270
25,3210,5972,1538,1940,0,0,1090,2250
26,3090,5972,1538,2070,0,0,1090,2240
27,3230,5952,1478,2070,0,0,1030,2240
28,3130,6072,1458,2070,0,0,1030,2240
29,3230,6072,1418,2010,0,0,1030,2240
30,3210,6072,1398,2000,0,0,1080,2240
31,3670,5852,1398,2000,0,0,860,2220
32,3540,3632,1398,2000,0,0,860,4570
33,7100,3612,1398,2000,0,0,860,1030
34,7060,3602,1448,2000,0,0,860,1030
35,7090,3602,1438,1980,0,0,860,1030
36,7010,3602,1438,1970,0,0,950,1030
37,6730,3582,1438,1970,0,0,930,1350
38,6790,3582,1438,1970,0,0,930,1290
39,6830,3542,1438,1970,0,0,930,1290
40,6830,3162,1058,1970,0,0,930,2050
41,6790,3262,1018,1950,0,0,930,2050
42,6615,3262,1223,1940,0,0,910,2050
43,6685,3262,1203,1940,0,0,900,2010
44,6745,3262,1203,1940,0,0,880,1970
45,6735,3242,2113,1940,0,0,0,1970
46,6735,3232,2123,1940,0,0,0,1970
47,6675,3172,2263,1920,0,0,0,1970
48,6268,4016,1856,1910,0,0,0,1950
49,4318,4016,1856,1910,0,0,0,3900
50,4308,4026,1856,1910,0,0,0,3900
51,4388,3986,1816,1910,0,0,0,3900
52,3728,3326,3156,1890,0,0,0,3900
53,3758,3326,3156,1880,0,0,0,3880
54,3738,3416,3096,1880,0,0,0,3870
55,3888,3396,2966,1880,0,0,0,3870
56,3428,3356,3466,1880,0,0,0,3870
57,3368,3296,3606,1860,0,0,0,3870
58,3418,3296,3606,1850,0,0,0,3830
59,3338,3296,3696,1850,0,0,0,3820
60,3298,3256,3696,1930,0,0,0,3820
61,3098,3056,4096,1930,0,0,0,3820
62,3003,3181,4086,1910,0,0,0,3820
63,2963,3181,4086,1900,0,0,0,3870
64,2943,3181,4086,1900,0,0,0,3890
65,2723,3161,4086,1900,0,0,0,4130
66,0,0,9970,1900,0,0,0,4130
67,0,0,9970,1890,0,0,0,4140
68,0,0,9990,1890,0,0,0,4120
69,0,0,10010,1870,0,0,0,4120
70,0,0,10010,1860,0,0,0,4130
71,0,0,10030,1860,0,0,0,4110
72,0,0,9920,1990,0,0,0,4090
73,0,0,10185,1980,0,0,0,3835
74,0,0,10165,1980,0,0,0,3855
75,0,0,10155,1960,0,0,0,3885
76,0,0,10155,1950,0,0,0,3895
77,0,0,10135,1950,0,0,0,3915
78,0,0,10155,1930,0,0,0,3915
79,0,0,9773,1920,0,0,0,4307
80,0,0,9753,1920,0,0,0,4327
81,0,0,9743,1930,0,0,0,4327
82,0,0,9723,1920,0,0,0,4357
83,0,0,9703,1920,0,0,0,4377
84,0,0,9723,1900,0,0,0,4377
85,0,0,9723,1890,0,0,0,4387
86,0,0,9723,1890,0,0,0,4387
87,0,0,9743,1870,0,0,0,4387
88,0,0,9723,1860,0,0,0,4417
89,0,0,9743,1860,0,0,0,4397
90,0,0,9763,1840,0,0,0,4397
91,0,0,9833,1830,0,0,0,4337
92,0,0,9853,1830,0,0,0,4317
93,0,0,9843,1840,0,0,0,4317
94,0,0,9873,1830,0,0,0,4297
95,0,0,9933,1830,0,0,0,4237
96,0,0,9913,1850,0,0,0,4237
97,0,0,9943,1840,0,0,0,4217
98,0,0,9923,1840,0,0,0,4237
99,0,0,9943,1820,0,0,0,4237
100,0,0,9943,1810,0,0,0,4247
101,0,0,9923,1810,0,0,0,4267
102,0,0,9913,1820,0,0,0,4267
103,0,0,9913,1810,0,0,0,4277
104,0,0,9893,1790,0,0,0,4317
105,0,0,9883,1800,0,0,0,4317
106,0,0,9823,1790,0,0,0,4387
107,0,0,9803,1790,0,0,0,4407
108,0,0,9823,1770,0,0,0,4407
109,0,0,9893,1760,0,0,0,4347
110,0,0,9953,1760,0,0,0,4287
111,0,0,9943,1770,0,0,0,4287
112,0,0,9943,1760,0,0,0,4297
113,0,0,9923,1760,0,0,0,4317
114,0,0,9943,1740,0,0,0,4317
115,0,0,9943,1730,0,0,0,4327
116,0,0,9963,1730,0,0,0,4307
117,0,0,9883,1810,0,0,0,4307
118,0,0,9913,1800,0,0,0,4287
119,0,0,9933,1800,0,0,0,4267
120,0,0,9953,1780,0,0,0,4267
121,0,0,9983,1770,0,0,0,4247
122,0,0,10003,1770,0,0,0,4227
123,0,0,10023,1750,0,0,0,4227
124,0,0,10023,1740,0,0,0,4237
125,0,0,10043,1740,0,0,0,4217
126,0,0,10063,1720,0,0,0,4217
127,0,0,10063,1710,0,0,0,4227
128,0,0,9688,1710,0,0,0,4602
129,0,0,9768,1690,0,0,0,4542
130,0,0,9768,1680,0,0,0,4552
131,0,0,9808,1680,0,0,0,4512
132,0,0,9788,1660,0,0,0,4552
133,0,0,9728,1650,0,0,0,4622
134,0,0,5106,1650,0,0,0,9244
135,0,0,5126,1630,0,0,0,9244
136,0,0,5126,1620,0,0,0,9254
137,0,0,5106,1620,0,0,0,9274
138,0,0,5126,1600,0,0,0,9274
139,0,0,5261,1590,0,0,0,9149
140,0,0,4949,1590,0,0,0,9461
141,0,0,4939,1600,0,0,0,9461
142,0,0,4944,1590,0,0,0,9466
143,0,0,4964,1590,0,0,0,9446
144,0,0,4944,1610,0,0,0,9446
145,0,0,4944,1600,0,0,0,9456
146,0,0,4884,1540,0,0,0,9576
147,0,0,4864,1560,0,0,0,9576
148,0,0,4864,1550,0,0,0,9586
149,0,0,4844,1550,0,0,0,9606
150,0,0,4704,1530,0,0,0,9766
151,0,0,4839,1520,0,0,0,9641
152,0,0,4859,1520,0,0,0,9621
153,0,0,4849,1530,0,0,0,9621
154,0,0,4849,1520,0,0,0,9631
155,0,0,4829,1520,0,0,0,9651
156,0,0,4849,1500,0,0,0,9651
157,0,0,4849,1490,0,0,0,9661
158,0,0,4869,1490,0,0,0,9641
159,0,0,4859,1500,0,0,0,9641
160,0,0,4859,1490,0,0,0,9651
161,0,0,5069,1430,0,0,0,9501
162,0,0,5059,1440,0,0,0,9501
163,0,0,5129,1430,0,0,0,9441
164,0,0,5149,1430,0,0,0,9421
165,0,0,5139,1440,0,0,0,9421
166,0,0,5209,1430,0,0,0,9361
167,0,0,5229,1430,0,0,0,9341
168,0,0,0,1410,0,0,0,14590
169,0,0,0,1400,0,0,0,14600
170,0,0,0,1380,0,0,0,14620
171,0,0,0,1370,0,0,0,14630
172,0,0,0,1390,0,0,0,14610
173,0,0,0,1380,0,0,0,14620
174,0,0,0,1360,0,0,0,14640
175,0,0,0,1350,0,0,0,14650
176,0,0,0,1370,0,0,0,14630
177,0,0,0,1360,0,0,0,14640
178,0,0,0,1340,0,0,0,14660
179,0,0,0,1000,0,0,0,15000
180,0,0,0,980,0,0,0,15020
181,0,0,0,1020,0,0,0,14980
182,0,0,0,1040,0,0,0,14960
183,0,0,0,1030,0,0,0,14970
184,0,0,0,1010,0,0,0,14990
185,0,0,0,1000,0,0,0,15000
186,0,0,0,950,0,0,0,15050
187,0,0,0,940,0,0,0,15060
188,0,0,0,960,0,0,0,15040
189,0,0,0,648,0,0,0,15352
190,0,0,0,668,0,0,0,15332
191,0,0,0,658,0,0,0,15342
192,0,0,0,618,0,0,0,15382
193,0,0,0,608,0,0,0,15392
194,0,0,0,588,0,0,0,15412
195,0,0,0,578,0,0,0,15422
196,0,0,0,558,0,0,0,15442
197,0,0,0,548,0,0,0,15452
198,0,0,0,498,0,0,0,15502
199,0,0,0,488,0,0,0,15512
200,0,0,0,468,0,0,0,15532
201,0,0,0,458,0,0,0,15542
202,0,0,0,438,0,0,0,15562
203,0,0,0,428,0,0,0,15572
204,0,0,0,408,0,0,0,15592
205,0,0,0,398,0,0,0,15602
206,0,0,0,378,0,0,0,15622
207,0,0,0,368,0,0,0,15632
208,0,0,0,388,0,0,0,15612
209,0,0,0,378,0,0,0,15622
210,0,0,0,358,0,0,0,15642
211,0,0,0,348,0,0,0,15652
212,0,0,0,368,0,0,0,15632
213,0,0,0,358,0,0,0,15642
214,0,0,0,338,0,0,0,15662
215,0,0,0,328,0,0,0,15672
216,0,0,0,348,0,0,0,15652
217,0,0,0,338,0,0,0,15662
218,0,0,0,348,0,0,0,15652
219,0,0,0,338,0,0,0,15662
220,0,0,0,358,0,0,0,15642
221,0,0,0,348,0,0,0,15652
222,0,0,0,368,0,0,0,15632
223,0,0,0,358,0,0,0,15642
224,0,0,0,338,0,0,0,15662
225,0,0,0,328,0,0,0,15672
226,0,0,0,308,0,0,0,15692
227,0,0,0,298,0,0,0,15702
228,0,0,0,278,0,0,0,15722
229,0,0,0,268,0,0,0,15732
230,0,0,0,288,0,0,0,15712
231,0,0,0,278,0,0,0,15722
232,0,0,0,258,0,0,0,15742
233,0,0,0,248,0,0,0,15752
234,0,0,0,123,0,0,0,15877
235,0,0,0,113,0,0,0,15887
236,0,0,0,133,0,0,0,15867
237,0,0,0,123,0,0,0,15877
238,0,0,0,143,0,0,0,15857
239,0,0,0,133,0,0,0,15867
240,0,0,0,113,0,0,0,15887
241,0,0,0,103,0,0,0,15897
242,0,0,0,83,0,0,0,15917
243,0,0,0,73,0,0,0,15927
244,0,0,0,93,0,0,0,15907
245,0,0,0,83,0,0,0,15917
246,0,0,0,63,0,0,0,15937
247,0,0,0,53,0,0,0,15947
248,0,0,0,33,0,0,0,15967
249,0,0,0,23,0,0,0,15977
250,0,0,0,23,0,0,0,15977
251,0,0,0,13,0,0,0,15987
252,0,0,0,0,0,0,0,16000
